quantity,volatility,side,time_horizon,slippage,fee,market_impact,net_cost,avg_fill_price,maker_taker_proportion
2656.38,0.0266,sell,40.85,85.787532,41.525776,1413.001353,227925.812414,15.63,0.5661
4106.35,0.036,buy,43.42,87.503724,43.594146,2107.370119,359364.515696,10.62,0.589
2918.81,0.0407,sell,88.26,85.152806,46.751145,1509.937551,248591.62109,16.02,0.6004
1713.58,0.0265,sell,69.46,74.997406,44.557525,890.274626,128558.615754,26.0,0.5659
2990.97,0.0607,buy,63.2,82.418903,47.559703,1516.891259,246560.044427,15.9,0.6473
481.73,0.0969,buy,14.47,0.949372,47.965554,270.373276,505.351491,99.57,0.7249
873.62,0.0393,buy,15.28,50.964031,41.135244,484.351394,44564.338298,47.09,0.597
982.11,0.0385,sell,94.66,46.311746,54.662528,511.308306,45537.899031,55.66,0.5951
802.04,0.0844,buy,20.62,42.91561,44.228006,431.381843,34464.295711,55.14,0.6993
1836.95,0.0217,sell,75.72,87.066234,26.918236,958.949811,159963.237903,14.65,0.554
2881.91,0.0723,sell,17.23,89.40695,35.081633,1633.625988,257697.884372,12.17,0.6733
3099.02,0.0453,sell,46.85,77.814837,74.45446,1645.385807,241224.206239,24.03,0.6114
3834.28,0.0951,sell,112.41,89.440502,45.357608,1976.030649,342985.326429,11.83,0.7213
1518.85,0.0278,buy,76.75,69.862365,42.827978,764.097814,106153.284288,28.2,0.5691
1279.3,0.0537,buy,25.28,66.934421,39.895711,677.278423,85669.112016,31.19,0.6311
1390.43,0.0782,sell,18.84,68.295935,46.320875,781.398191,95007.066601,33.31,0.6861
4514.96,0.0071,sell,56.39,94.244061,34.29536,2380.557537,425542.461533,7.6,0.5177
4617.34,0.0909,buy,18.84,85.731934,58.354249,2512.125588,395911.888767,12.64,0.7128
173.29,0.0686,buy,18.34,0.13417,17.029931,94.306402,40.288245,98.27,0.6651
2058.18,0.0935,sell,102.19,78.760662,47.460268,1068.326717,162151.121559,23.06,0.7181
3029.03,0.0765,sell,93.88,78.888067,69.764417,1576.478087,239024.125445,23.03,0.6824
3095.06,0.0782,sell,106.45,84.540425,53.852728,1607.191388,261711.57416,17.4,0.6861
3716.71,0.0656,sell,118.84,84.186144,63.867409,1915.517837,312959.378394,17.18,0.6584
3368.99,0.0494,buy,105.04,88.67549,33.705094,1693.909698,298780.552419,10.0,0.621
4337.98,0.0393,buy,103.1,81.430475,72.659103,2170.824069,353316.443326,16.75,0.597
3005.17,0.0569,buy,31.03,83.867199,42.952296,1570.002691,252078.157003,14.29,0.6385
3188.55,0.0252,sell,30.26,88.856765,40.983182,1728.710738,283365.223785,12.85,0.5627
3357.16,0.0568,buy,93.8,79.440106,62.812108,1682.654762,266755.978672,18.71,0.6383
2049.48,0.0289,sell,57.25,75.704958,53.563246,1080.052691,155209.36462,26.14,0.5718
2388.35,0.0121,buy,94.83,70.407651,65.947953,1195.217255,168224.062519,27.61,0.5302
2777.33,0.0626,sell,101.08,79.683125,61.314767,1441.065645,221367.672295,22.08,0.6516
3289.97,0.0082,sell,109.05,87.011695,47.863487,1701.28678,286313.730109,14.55,0.5205
4395.93,0.0598,buy,50.59,84.876704,58.084723,2241.217467,373170.156494,13.21,0.6452
644.76,0.0261,buy,101.03,28.827917,45.347314,326.000267,18632.438203,70.33,0.5649
3685.49,0.0154,buy,82.48,85.186892,48.365085,1855.530898,314003.803432,13.12,0.5384
1496.59,0.0731,sell,81.2,69.237867,48.073664,777.153384,103668.798052,32.12,0.675
3185.87,0.0888,sell,22.72,83.931456,56.799423,1763.661735,267451.552612,17.83,0.7085
186.27,0.0141,sell,51.12,0.799316,18.807809,98.491764,167.696783,100.97,0.5352
2070.63,0.0758,sell,11.5,71.350457,63.443157,1239.555641,147803.876109,30.64,0.6809
2373.36,0.0234,buy,14.01,79.731987,44.709386,1336.6927,189277.420934,18.84,0.5582
835.86,0.094,sell,28.8,49.532839,43.796691,455.579108,41446.35389,52.4,0.7191
2045.2,0.075,buy,84.88,72.889083,52.624871,1032.2508,149125.407472,25.73,0.6792
4660.54,0.0949,sell,107.8,92.119416,44.231245,2411.716611,429370.495779,9.49,0.7209
4082.7,0.0888,sell,84.16,90.409962,46.665416,2128.314615,369163.454713,11.43,0.7085
2112.7,0.0725,sell,35.7,80.376025,44.692004,1132.59687,169855.142795,21.15,0.6737
4438.68,0.0723,buy,116.8,89.03678,42.314913,2225.062401,395248.111432,9.53,0.6733
3331.5,0.0835,buy,12.96,85.09944,44.510706,1893.198908,283553.32564,13.36,0.6974
1230.84,0.0474,sell,59.24,53.064421,59.284121,644.022403,65373.109641,48.17,0.6163
3480.4,0.0206,buy,76.41,84.621706,47.049072,1752.53408,294564.435168,13.52,0.5513
4640.54,0.0951,buy,100.36,86.241165,56.469968,2328.881448,400262.094739,12.17,0.7213
681.41,0.0213,buy,90.98,1.273531,68.007124,343.076206,935.806909,99.8,0.553
3238.53,0.0828,sell,54.1,83.636032,59.310336,1711.869897,270917.148099,18.31,0.6959
2280.88,0.0168,buy,91.6,74.440032,53.94274,1143.082434,169842.723662,23.65,0.5419
3939.12,0.0227,sell,18.2,90.939982,42.936478,2226.217476,358266.44159,10.9,0.5565
4217.35,0.0281,sell,104.46,89.890998,48.664009,2179.779255,379150.469152,11.54,0.5698
1993.55,0.0117,buy,81.27,66.291191,64.170001,1005.781126,132218.97378,32.19,0.5292
4305.54,0.0134,sell,48.03,86.347727,66.013716,2280.085257,371839.606301,15.33,0.5334
2516.52,0.0991,buy,110.09,79.329927,48.292202,1262.158194,199683.687729,19.19,0.7293
2924.6,0.01,buy,83.48,85.432939,37.894222,1473.226471,249895.066601,12.96,0.525
3061.26,0.0549,sell,104.29,88.49121,41.292692,1590.871012,270935.908038,13.49,0.6339
1499.75,0.0864,buy,13.85,67.279008,46.65871,844.343819,100948.386041,31.11,0.7035
1183.7,0.0149,buy,40.67,67.25624,36.4269,608.722178,79647.638509,30.77,0.5372
4002.68,0.0717,buy,88.99,85.507345,50.604501,2008.462085,342309.171516,12.64,0.6719
861.1,0.0366,sell,42.64,46.208463,47.516821,457.010004,39837.630886,55.18,0.5905
2585.06,0.02,sell,73.28,77.717895,62.382939,1352.370894,200967.806935,24.13,0.5498
52.65,0.0883,buy,66.36,0.0,5.179707,26.679082,5.183746,98.38,0.7074
3408.89,0.069,buy,49.86,90.578879,26.150008,1741.789985,308799.597358,7.67,0.666
2910.3,0.0476,buy,84.98,80.318981,54.687504,1476.141249,233807.029195,18.79,0.6168
1637.52,0.0088,sell,113.01,77.535287,39.095319,844.998871,127004.679422,23.87,0.522
4275.95,0.093,buy,61.33,88.281917,42.409226,2167.956849,377531.510205,9.92,0.7171
3467.05,0.0713,buy,92.61,78.272339,69.644926,1741.918323,271443.792631,20.09,0.6711
2285.58,0.0189,buy,110.29,81.365953,39.641207,1148.504043,186008.037323,17.34,0.5471
2803.77,0.0237,buy,105.6,86.035992,34.806024,1406.295097,241259.940179,12.41,0.559
4264.53,0.0367,sell,40.55,90.744535,47.828687,2281.285872,387030.626829,11.22,0.5907
422.5,0.0451,sell,108.86,0.901604,42.532397,218.50869,423.468848,100.67,0.6109
3810.9,0.0974,buy,64.68,87.11138,41.685987,1926.064094,332014.483434,10.94,0.7259
3919.94,0.0157,sell,99.65,90.027971,46.733638,2038.293568,352950.97999,11.92,0.5392
2640.56,0.0578,buy,109.94,74.176574,64.517926,1325.612447,195932.234881,24.43,0.6406
1724.98,0.0345,buy,67.24,79.571261,32.599947,874.555471,137291.437627,18.9,0.5854
4251.15,0.052,buy,19.9,89.333738,39.009668,2304.346539,379810.139116,9.18,0.6271
1721.26,0.0201,buy,66.81,67.916222,52.246744,871.058901,116953.724655,30.35,0.5501
2317.97,0.0384,buy,55.97,79.393672,43.430247,1177.952037,184075.585451,18.74,0.5948
3211.95,0.0303,buy,12.01,85.261059,44.225152,1855.242512,273898.486112,13.77,0.5752
2523.81,0.0346,buy,112.95,76.52672,54.194479,1258.564499,193193.101967,21.47,0.5856
1449.11,0.056,buy,66.21,59.162937,56.540016,732.856336,85790.161747,39.02,0.6365
170.06,0.0487,sell,69.18,0.295059,17.282337,89.167999,67.464136,101.62,0.6194
4666.12,0.0952,buy,48.61,85.81701,57.313908,2382.89898,400489.830251,12.28,0.7215
1980.55,0.0178,buy,30.59,74.160989,50.244594,1050.061421,146929.793586,25.37,0.5444
243.68,0.0834,sell,14.06,0.624159,24.695955,141.913114,176.808132,101.35,0.6972
2335.78,0.0415,buy,17.7,73.827496,57.302533,1278.53735,172502.099902,24.53,0.6023
1406.44,0.0997,buy,20.08,64.781411,46.888726,758.72451,91158.102434,33.34,0.7305
4525.41,0.0433,sell,80.64,89.099101,54.987801,2347.808972,403264.959511,12.15,0.6066
2852.59,0.0286,sell,47.46,79.308003,61.421958,1498.885902,226294.644282,21.53,0.571
700.81,0.0985,buy,32.35,23.866972,53.046431,370.431269,16779.310498,75.69,0.7281
3018.7,0.0749,buy,90.17,84.236763,42.814939,1518.451195,254328.353958,14.18,0.679
3095.28,0.0787,buy,94.15,83.763519,45.984969,1558.704927,259317.557951,14.86,0.6872
2466.13,0.0949,buy,117.54,79.149447,47.696319,1235.1101,195240.563874,19.34,0.7209
4186.29,0.0281,sell,12.66,88.701522,54.917754,2467.92906,371385.215391,13.12,0.5698
2021.75,0.0514,buy,43.79,68.636476,60.417014,1041.399962,138826.229176,29.88,0.6257
881.26,0.0365,sell,72.04,42.406486,52.129626,459.927588,37423.276371,59.15,0.5903
748.4,0.0187,buy,73.67,21.762127,57.251009,377.670973,16344.028511,76.5,0.5466
2603.91,0.027,sell,75.98,80.757142,54.923905,1360.946173,210339.256809,21.09,0.5671
3605.9,0.0834,buy,32.28,85.71227,46.039158,1885.554154,309115.94558,12.77,0.6972
193.2,0.0896,buy,109.08,0.842607,19.237428,97.121863,182.044472,99.57,0.7101
3663.51,0.0591,sell,37.1,92.359142,34.806489,1966.409236,338393.457947,9.5,0.6436
1653.53,0.0453,sell,44.15,64.6604,61.560261,880.55126,106979.483694,37.23,0.6114
1255.14,0.0419,buy,108.01,55.57033,53.543859,627.876917,69802.096959,42.66,0.6032
4278.98,0.0865,buy,56.41,86.607247,48.87773,2171.702694,370639.593702,11.42,0.7037
978.54,0.0128,sell,71.91,59.199079,41.373572,510.320435,57970.04105,42.28,0.532
987.27,0.0314,sell,112.17,38.516968,62.615657,512.18382,38089.268631,63.42,0.5779
1615.69,0.0486,sell,67.22,61.156811,65.068989,843.776749,98875.531758,40.27,0.6192
3747.31,0.0534,sell,12.96,84.093094,61.893966,2175.992366,315184.804915,16.52,0.6304
1842.23,0.0758,sell,114.07,82.97997,34.744513,954.510672,152902.954776,18.86,0.6809
257.18,0.0504,buy,51.01,1.11291,25.525863,131.146206,311.750547,99.25,0.6234
3585.99,0.036,buy,92.84,85.368381,46.372658,1800.482936,306176.537568,12.93,0.589
4251.3,0.05,sell,84.03,91.900716,41.277077,2211.280152,390738.803296,9.71,0.6225
2064.08,0.0807,buy,94.69,63.579034,71.522365,1035.185351,131303.781944,34.65,0.6915
2131.66,0.0679,sell,13.1,79.069731,48.410572,1250.420365,168598.215392,22.71,0.6635
1865.03,0.0112,buy,101.8,73.255479,46.484979,933.530324,136670.152262,24.92,0.528
1304.29,0.0203,sell,86.11,55.924679,59.273878,676.433687,73001.275521,45.45,0.5506
4163.25,0.0536,sell,116.55,89.291875,52.574043,2157.998759,371796.985948,12.63,0.6309
170.96,0.0427,buy,29.56,0.628952,16.899217,89.639001,124.427898,98.85,0.6052
701.28,0.0055,buy,65.6,16.54425,57.144327,354.212038,11659.2962,81.49,0.5137
4870.34,0.0131,sell,83.58,90.569841,54.792101,2538.822233,441160.710741,11.25,0.5327
3035.24,0.0824,buy,64.74,79.882049,55.326205,1534.934417,242516.55557,18.23,0.6951
393.68,0.0949,sell,28.0,1.260305,39.57653,214.67511,535.769073,100.53,0.7209
1506.05,0.055,buy,60.55,70.079097,42.125579,762.728825,105584.762022,27.97,0.6341
2744.51,0.0265,buy,87.97,73.567615,68.344845,1381.980415,201975.404045,24.9,0.5659
3600.1,0.0195,buy,95.26,83.500244,53.388605,1807.15039,300662.618535,14.83,0.5486
3116.67,0.0123,sell,54.24,82.927342,58.258848,1641.971621,258515.417629,18.69,0.5307
532.52,0.0751,sell,60.24,7.597901,49.983445,279.116433,4096.045736,93.86,0.6794
4272.29,0.078,buy,58.01,84.301731,60.360063,2175.098733,360221.838086,14.13,0.6857
2291.45,0.0893,sell,29.34,80.706548,48.197104,1245.119416,184983.254739,21.03,0.7095
3310.65,0.0932,buy,116.24,85.572403,42.931176,1659.22259,283343.243567,12.97,0.7175
3497.93,0.0376,sell,27.68,81.375403,68.890323,1895.401391,284714.362262,19.69,0.5929
3768.12,0.0547,sell,42.16,89.71883,45.447934,2008.563833,338116.781033,12.06,0.6334
2209.21,0.064,sell,80.28,76.996891,54.972012,1153.407737,170157.297129,24.88,0.6548
3604.55,0.088,sell,46.18,92.903991,32.102156,1914.363314,334909.206016,8.91,0.7068
2353.53,0.0421,sell,59.59,82.733177,44.709592,1237.30169,194759.732516,19.0,0.6037
987.25,0.0704,buy,18.54,59.135756,38.70439,537.79661,58420.498373,39.2,0.6691
3782.12,0.04,buy,12.94,81.431821,65.650716,2156.922869,308050.58032,17.36,0.5987
1146.65,0.0904,buy,48.89,48.721976,57.192636,588.42377,55924.293674,49.88,0.7118
335.2,0.0736,sell,16.51,0.276848,33.923296,190.683809,126.741173,101.2,0.6761
1186.75,0.0767,buy,118.33,47.192707,60.402363,591.879136,56066.382497,50.9,0.6829
3913.96,0.017,sell,87.33,88.106238,54.105653,2040.432749,344898.396617,13.82,0.5424
2410.54,0.0221,buy,56.51,76.94965,51.297134,1225.838569,185541.50944,21.28,0.555
602.98,0.0711,sell,85.81,18.049833,50.469527,313.915966,10934.18314,83.7,0.6706
3672.05,0.0478,sell,47.4,89.973192,41.996531,1940.47468,330428.065926,11.44,0.6173
3967.98,0.0875,sell,116.17,87.441916,57.448748,2056.895083,347025.265933,14.48,0.7058
338.75,0.0547,buy,22.8,1.565684,33.826113,181.082081,564.211534,99.86,0.6334
1361.87,0.0487,sell,60.5,57.860076,59.214004,712.871414,78857.129548,43.48,0.6194
3568.44,0.075,sell,40.19,90.983115,37.778664,1902.415496,324705.586914,10.59,0.6792
2171.24,0.0907,sell,100.62,74.075323,59.133019,1121.702914,160894.486865,27.23,0.7124
2665.91,0.0822,buy,37.96,83.545352,38.8547,1376.804584,222763.270153,14.57,0.6947
2627.41,0.0162,sell,21.35,81.448252,53.813949,1464.498336,214051.767262,20.48,0.5404
4958.62,0.0896,buy,117.1,85.962409,61.375769,2479.795699,426316.346842,12.38,0.7101
1617.79,0.0085,buy,19.82,65.82356,53.882825,882.771601,106542.580615,33.31,0.5212
4043.14,0.0737,buy,117.78,85.457663,51.599914,2019.302917,345568.924642,12.76,0.6763
2306.75,0.0681,buy,53.6,73.626499,57.007869,1176.550952,169894.960607,24.71,0.664
3609.66,0.0603,sell,61.57,85.976637,55.636999,1889.35898,310402.085529,15.41,0.6463
2785.23,0.0417,sell,67.07,81.475948,56.829977,1461.104084,226986.09486,20.4,0.6028
2725.43,0.0748,sell,43.08,81.999606,50.694071,1434.535268,223534.909734,18.6,0.6787
4170.42,0.057,sell,97.18,92.597877,35.082088,2149.618442,386207.129886,8.41,0.6388
1670.09,0.0172,buy,103.91,76.312082,36.788605,836.988917,127484.834994,22.03,0.5429
2877.74,0.0466,sell,93.64,81.544906,57.56946,1492.380782,234722.619061,20.01,0.6144
736.49,0.0253,sell,97.65,33.32222,50.521579,383.002253,24592.006313,68.6,0.5629
2251.02,0.0699,sell,81.2,70.527283,70.057859,1172.260248,158828.415989,31.12,0.668
3541.94,0.0876,sell,83.36,87.53404,49.679107,1841.749654,310090.03653,14.03,0.706
2312.57,0.0605,sell,35.72,69.059084,75.391901,1241.295643,159779.385096,32.6,0.6468
1712.78,0.0153,buy,28.62,70.896169,46.902478,900.476311,121476.443576,27.38,0.5382
2847.57,0.0877,buy,118.63,77.689093,58.149961,1420.425585,221283.325886,20.42,0.7062
3528.27,0.0372,sell,33.32,85.46122,58.141585,1906.30395,301588.408431,16.48,0.5919
586.68,0.0282,buy,72.27,26.694143,41.868921,295.609608,15702.79215,71.37,0.57
2814.11,0.0849,sell,69.63,80.345325,59.953698,1471.353453,226160.580413,21.3,0.7004
1829.69,0.0266,sell,41.13,73.974815,50.600416,974.967621,135401.582796,27.66,0.5661
2831.61,0.0409,buy,86.13,82.525083,45.291366,1427.240523,233724.150542,15.99,0.6008
4261.6,0.0825,sell,37.63,93.507014,36.108477,2288.482258,398525.624053,8.47,0.6953
3952.28,0.0796,buy,70.56,87.218027,45.656632,2007.157556,344755.749161,11.55,0.6891
2955.3,0.0223,buy,91.1,82.537712,46.552737,1484.267634,243970.255252,15.75,0.5555
1757.42,0.0553,buy,97.38,69.382487,50.609325,880.436054,121984.795901,28.8,0.6348
3484.27,0.0664,buy,89.78,81.269237,60.385058,1756.010762,283224.375482,17.33,0.6602
3311.64,0.0647,buy,89.22,83.424458,48.666345,1661.110458,276320.458118,14.7,0.6563
4895.66,0.0672,buy,71.78,87.182671,55.258926,2477.538363,426871.99808,11.29,0.662
1260.29,0.0626,buy,93.25,56.781384,52.275085,632.460487,71613.30587,41.48,0.6516
3439.7,0.0766,sell,119.76,85.113592,57.293045,1779.521327,292822.550762,16.66,0.6827
3149.33,0.0167,sell,81.27,86.125833,46.780673,1629.227927,271285.452278,14.85,0.5417
2857.58,0.0772,sell,49.52,79.477581,62.930824,1508.793007,227176.514729,22.02,0.684
1119.3,0.0492,sell,44.39,56.686865,50.013833,592.877791,63499.63364,44.68,0.6206
3850.17,0.0996,buy,58.97,87.56459,41.102145,1955.344712,337179.698819,10.68,0.7303
2185.57,0.0374,buy,30.99,74.260623,52.299329,1142.254097,162354.095845,23.93,0.5924
1583.52,0.0364,buy,39.44,65.894126,50.91947,815.687854,104395.592317,32.16,0.59
427.77,0.0463,sell,83.88,1.72743,42.542826,221.568806,781.494846,99.45,0.6137
4065.26,0.0491,sell,87.36,89.60962,48.581402,2111.599537,364334.996814,11.95,0.6203
976.38,0.0825,sell,118.17,38.124216,61.683572,502.906386,37285.447256,63.18,0.6953
1892.75,0.0559,sell,63.71,68.375728,62.658111,990.529878,129480.836191,33.1,0.6362
2120.21,0.0704,sell,75.9,74.012655,57.515667,1100.442903,156979.916073,27.13,0.6691
2920.37,0.086,buy,23.91,82.450054,47.222225,1560.489022,240831.92165,16.17,0.7027
178.52,0.0744,sell,101.48,0.673864,17.863807,91.692706,138.171895,100.07,0.6779
699.8,0.0353,sell,110.54,44.940686,39.622196,361.78794,31489.119533,56.62,0.5873
3930.1,0.035,buy,98.71,87.767892,42.767772,1977.798936,344979.366511,10.88,0.5866
2404.97,0.0094,buy,13.5,78.094675,49.002045,1359.507273,187864.353078,20.38,0.5235
2870.8,0.02,sell,58.16,81.813914,57.892799,1514.158641,234929.279815,20.17,0.5498
2707.85,0.0644,buy,90.47,78.132191,54.123988,1357.839425,211624.400235,19.99,0.6557
1578.55,0.0361,buy,35.24,64.702525,52.893224,819.139428,102189.071217,33.51,0.5893
2461.77,0.0892,sell,21.13,76.524657,62.714435,1374.338734,188448.869035,25.48,0.7093
1218.05,0.0582,sell,27.68,56.490383,55.128476,664.457716,68863.25845,45.26,0.6415
4656.94,0.0897,buy,85.71,88.768252,44.668193,2343.725703,413433.129234,9.59,0.7103
4222.01,0.0577,sell,105.35,89.108192,52.95164,2186.573869,376268.645969,12.54,0.6404
4119.57,0.0413,buy,22.44,91.625543,27.001545,2202.53728,377484.843651,6.55,0.6018
748.62,0.0643,buy,56.04,22.349159,56.768484,380.613103,16787.819255,75.83,0.6554
3085.56,0.0172,sell,77.92,87.898879,42.090498,1606.747714,271259.356243,13.64,0.5429
325.79,0.0362,sell,25.32,1.016728,32.736445,178.398332,363.980535,100.48,0.5895
1237.63,0.0487,sell,79.88,61.464848,50.155143,646.931357,76120.907339,40.53,0.6194
2852.03,0.0684,sell,85.0,79.194378,64.928236,1488.175833,225929.701013,22.77,0.6646
4757.97,0.0868,buy,101.12,85.569196,61.714695,2390.617559,407197.429793,12.97,0.7043
1174.96,0.0462,buy,39.93,47.954335,59.776871,609.6877,56404.21513,50.88,0.6135
4564.05,0.005,sell,30.84,89.865634,54.788526,2475.457549,410206.035663,12.0,0.5125
277.14,0.037,buy,103.4,0.70892,27.419932,138.750141,223.893786,98.94,0.5915
3515.54,0.0267,sell,63.09,90.023283,40.979655,1843.959294,316521.434776,11.66,0.5664
3676.07,0.0942,buy,74.3,86.970443,42.714304,1860.897137,319752.189907,11.62,0.7195
3331.99,0.0257,sell,34.73,83.405387,61.657186,1795.587777,277967.575959,18.5,0.5639
2157.63,0.008,sell,39.91,76.666409,54.293719,1153.609047,165472.038066,25.16,0.52
102.62,0.0168,buy,52.69,0.758391,10.160241,52.32561,87.986628,99.01,0.5419
2837.42,0.043,buy,18.18,81.720283,46.731505,1546.280122,231921.504846,16.47,0.6059
3626.75,0.0291,buy,49.13,89.563138,31.360006,1853.413678,324854.474062,8.65,0.5722
2017.73,0.0163,sell,32.31,77.179161,49.900156,1091.776186,155776.610081,24.73,0.5407
3303.69,0.0618,sell,31.34,86.88339,49.048598,1787.660075,287084.853031,14.85,0.6498
1574.54,0.0765,sell,96.43,72.721332,45.281673,815.491576,114547.954273,28.76,0.6824
4511.22,0.025,buy,74.56,88.12152,47.180504,2283.225733,397582.747253,10.46,0.5622
807.79,0.0443,sell,31.77,44.987268,45.747355,436.276191,36386.021233,56.63,0.609
2918.26,0.0701,sell,93.38,90.025464,33.310583,1511.842939,262751.038552,11.41,0.6684
4004.31,0.019,sell,84.89,89.094205,51.078159,2087.238097,356811.894703,12.76,0.5474
3160.67,0.0337,buy,100.24,84.448737,43.463206,1582.852437,266958.056342,13.75,0.5835
4225.15,0.0946,sell,105.48,86.183578,65.432457,2188.580353,364204.034913,15.49,0.7203
4774.03,0.0847,sell,64.61,88.909339,61.731364,2506.185606,424517.626751,12.93,0.6999
3504.24,0.0972,buy,91.14,87.443038,38.32574,1761.561762,306459.75305,10.94,0.7255
4926.51,0.0083,sell,72.03,89.824526,56.534036,2564.561705,442577.961925,11.48,0.5207
466.84,0.0279,buy,32.34,1.642255,46.554337,243.096551,813.228261,99.72,0.5693
2438.24,0.0288,buy,25.69,78.548925,49.645187,1299.707154,191570.780505,20.36,0.5715
4504.99,0.0217,buy,25.84,82.094029,73.232985,2386.793912,369906.017834,16.26,0.554
2568.03,0.0811,sell,66.01,83.924138,44.13381,1337.603048,215563.865938,17.19,0.6923
211.67,0.0219,buy,66.68,0.066005,20.793615,107.014543,34.765812,98.24,0.5545
3860.09,0.0216,buy,39.11,86.647307,46.794686,2003.789744,334513.200569,12.12,0.5538
3453.92,0.0171,buy,101.43,88.293905,34.214861,1729.314032,304994.298562,9.91,0.5426
1625.9,0.0724,buy,44.27,62.777076,57.285211,832.768333,102126.563139,35.23,0.6735
535.69,0.0748,buy,55.01,33.618222,34.601169,272.614311,18043.566029,64.59,0.6787
3233.07,0.0296,sell,22.76,90.7216,36.302205,1792.877945,293345.587285,11.23,0.5735
552.01,0.0786,sell,93.36,5.497745,53.198448,287.189565,3088.041714,96.37,0.687
3502.19,0.053,sell,64.06,87.372365,51.228757,1841.880774,306045.866547,14.63,0.6295
4009.36,0.0888,buy,118.04,87.086693,43.795471,1998.077056,349205.732406,10.92,0.7085
4902.32,0.0779,buy,72.8,87.68965,51.819238,2474.677668,429934.575584,10.57,0.6855
2579.64,0.0617,sell,81.72,84.5261,43.967127,1342.132586,218090.891365,17.04,0.6495
4995.24,0.0877,sell,86.83,92.121617,49.145083,2605.229884,460218.770582,9.84,0.7062
1246.17,0.088,buy,17.22,64.995445,41.278826,682.378087,81036.685092,33.12,0.7068
1175.61,0.0161,buy,79.54,59.510109,45.484222,591.738579,70006.164901,38.69,0.5402
2060.4,0.0787,buy,14.55,79.750427,37.786857,1149.42671,164355.589261,18.34,0.6872
1797.58,0.092,sell,26.61,68.453104,60.177399,984.993216,123110.158733,33.48,0.715
1492.89,0.0693,buy,11.4,61.241024,56.160994,867.3979,91482.299765,37.62,0.6666
160.85,0.0971,buy,109.14,0.078528,15.825795,80.514705,28.471916,98.39,0.7253
2632.26,0.0467,sell,80.08,79.355111,59.4493,1375.170987,208942.746765,22.58,0.6147
4591.07,0.0617,sell,31.13,88.322319,61.326049,2484.058227,405555.297795,13.36,0.6495
3973.14,0.0289,sell,56.66,87.696789,56.034032,2093.71295,348487.659012,14.1,0.5718
1011.67,0.078,buy,106.92,48.352363,50.479942,506.279238,48967.145854,49.9,0.6857
4422.96,0.0736,buy,49.22,84.337128,62.553355,2266.360648,373082.33284,14.14,0.6761
2898.19,0.0672,sell,38.99,85.218281,48.288827,1552.067044,247027.080434,16.66,0.662
1415.95,0.03,sell,19.11,68.740745,46.966007,797.007246,97380.428233,33.17,0.5744
1573.77,0.0561,sell,62.38,80.536672,33.400636,826.406961,126779.610148,21.22,0.6367
1247.45,0.0614,sell,112.59,62.920876,48.612034,646.802387,78539.27696,38.97,0.6489
1621.06,0.0926,sell,48.21,70.823096,49.891209,857.661454,114858.421389,30.78,0.7163
3065.22,0.0889,sell,50.39,87.725173,41.824397,1615.270054,268938.812251,13.64,0.7087
1418.7,0.0858,buy,92.03,65.769044,45.782805,710.560219,93352.359908,32.27,0.7022
2061.35,0.0402,buy,114.79,80.560021,36.65076,1031.225274,166099.055383,17.78,0.5992
577.66,0.0718,buy,102.71,13.415163,48.971032,289.124564,7798.399478,84.77,0.6722
3102.32,0.0623,buy,36.92,81.233636,53.876019,1612.295535,252066.62993,17.37,0.6509
2102.8,0.0682,sell,62.08,80.423333,44.782632,1103.939108,169158.987661,21.3,0.6642
1227.68,0.0474,buy,18.64,54.60595,53.752802,668.759448,67092.397679,43.78,0.6163
1560.73,0.0925,sell,96.84,78.958141,35.478294,809.942123,123267.84835,22.73,0.7161
3038.71,0.0236,sell,118.47,90.199666,34.399211,1568.488686,274125.029327,11.32,0.5587
2155.63,0.0398,buy,105.04,72.152199,55.739852,1076.480085,155589.193181,25.86,0.5982
1466.62,0.0913,buy,57.08,72.912974,37.570442,747.846753,106973.22806,25.62,0.7136
2001.32,0.0832,buy,16.13,74.049702,48.112329,1103.251969,148245.295434,24.04,0.6968
2757.69,0.0168,buy,95.05,77.456692,56.707229,1379.982456,213658.254029,20.56,0.5419
1563.46,0.0492,sell,92.72,67.739032,53.159153,812.487669,105960.439321,34.0,0.6206
4088.78,0.0399,buy,46.31,87.334298,44.509239,2094.719783,357135.249025,10.89,0.5984
1766.35,0.0638,buy,65.26,67.834793,53.299977,892.127547,119873.308672,30.18,0.6543
1393.58,0.0506,sell,58.97,69.661015,44.816119,733.533697,97123.024194,32.16,0.6239
1853.67,0.0331,sell,116.09,78.874581,42.10689,957.793085,146249.556404,22.72,0.582
3422.1,0.0618,sell,29.36,89.103403,43.58591,1861.2345,304964.356956,12.74,0.6498
1804.14,0.0754,sell,33.46,80.403254,38.386228,972.049927,145097.134951,21.28,0.68
1999.69,0.0374,sell,75.37,72.985386,57.500315,1044.235597,146005.653958,28.75,0.5924
1518.47,0.0903,sell,64.17,74.639224,41.106161,796.285798,113378.562379,27.07,0.7116
3278.76,0.0928,buy,91.21,81.787115,55.059839,1651.537725,268215.429455,16.79,0.7167
1643.57,0.0906,buy,45.2,63.133947,58.14302,845.360775,103823.251546,35.38,0.7122
2635.48,0.0898,sell,40.02,79.229045,58.984559,1405.869938,208865.595625,22.38,0.7105
1100.17,0.0719,buy,31.38,41.585075,62.088011,573.558729,45812.772208,56.43,0.6724
720.46,0.0488,buy,106.48,40.772074,41.61948,361.638009,29416.277991,57.77,0.6196
4685.0,0.0948,sell,59.97,94.116189,32.297505,2445.070681,440966.671331,6.89,0.7207
2869.42,0.061,sell,53.06,86.315929,44.717246,1517.075766,247721.386285,15.58,0.6479
461.83,0.0819,buy,22.55,0.096354,45.502426,247.44836,90.032147,98.53,0.694
4846.39,0.0791,sell,81.24,89.864026,57.991777,2528.286378,435574.144961,11.97,0.688
4770.96,0.0717,sell,90.32,90.307053,53.496521,2475.365055,430904.861923,11.21,0.6719
3473.68,0.0353,sell,36.41,84.956079,58.301969,1864.125615,295168.543134,16.78,0.5873
4169.21,0.0256,buy,82.66,83.775187,61.307453,2102.590405,349337.659271,14.7,0.5637
1931.27,0.0374,buy,106.5,73.443174,47.715552,965.569264,141886.320626,24.71,0.5924
262.09,0.0944,sell,113.93,0.668235,26.447965,135.452306,201.609233,100.91,0.7199
2097.45,0.0344,buy,57.03,80.964738,36.003279,1065.204105,169855.497439,17.17,0.5852
335.85,0.0824,buy,49.07,1.842191,33.612604,171.693364,652.335326,100.08,0.6951
3625.89,0.0417,sell,119.07,87.970422,50.869706,1880.264686,319021.952252,14.03,0.6028
2159.77,0.0568,buy,105.18,80.576655,39.315039,1086.993925,174066.368823,18.2,0.6383
1638.55,0.0132,sell,59.31,65.711021,57.871913,855.624965,107728.666821,35.32,0.533
1160.9,0.0921,buy,57.56,56.757622,47.971149,589.086644,65937.93524,41.32,0.7152
408.77,0.0083,buy,71.86,0.91216,40.473201,206.082027,413.33728,99.01,0.5207
3274.49,0.0845,sell,63.25,82.942728,61.977163,1720.600184,271657.154317,18.93,0.6995
4460.74,0.0578,sell,80.75,89.627031,49.259814,2300.924958,399852.158471,11.04,0.6406
3528.71,0.056,buy,52.08,81.395724,59.403278,1799.682211,287281.326707,16.83,0.6365
2352.98,0.0512,sell,67.0,78.146969,55.984527,1235.114321,183934.253603,23.79,0.6253
3419.94,0.0069,sell,37.71,88.785811,43.721158,1828.930903,303685.868866,12.78,0.5172
4754.05,0.0888,buy,98.95,87.373649,51.564096,2381.903727,415430.299856,10.85,0.7085
2423.15,0.0135,buy,77.72,80.414436,43.121321,1220.507669,194899.363106,17.8,0.5337
4530.11,0.0092,sell,71.13,90.098943,52.010453,2365.53689,408210.131693,11.48,0.523
1643.51,0.0297,sell,19.72,57.769785,72.659931,923.018218,95017.88554,44.21,0.5737
186.09,0.0901,sell,78.42,0.622505,18.716466,96.563007,134.57356,100.58,0.7112
1866.66,0.0348,sell,106.46,79.168069,41.611457,964.746523,147821.483496,22.29,0.5861
2845.34,0.0232,sell,39.36,81.846312,56.006786,1517.833032,232936.594001,19.68,0.5577
1848.36,0.0657,buy,81.41,66.326067,58.95147,930.029795,122653.425817,31.89,0.6586
580.28,0.0512,buy,94.61,3.239355,55.155988,291.207115,1934.903147,95.05,0.6253
615.71,0.0283,sell,31.78,9.691419,56.792217,333.544657,6023.900065,92.24,0.5703
1565.9,0.0315,sell,85.05,67.322973,53.423852,812.901129,105474.472753,34.12,0.5781
1142.8,0.0112,buy,86.43,66.992279,35.68704,574.215985,76594.463588,31.23,0.528
3811.82,0.0239,sell,35.57,90.151656,44.134563,2047.900081,343686.022484,11.58,0.5595
2765.18,0.0729,buy,39.01,81.385106,46.910985,1429.491557,225091.403716,16.96,0.6746
649.13,0.0393,buy,48.62,1.161068,63.120708,332.509433,816.814657,97.24,0.597
1269.03,0.0874,sell,80.68,54.151775,60.492407,662.078621,68780.765916,47.67,0.7056
2949.24,0.0532,sell,65.17,79.512394,65.819975,1547.68827,234566.972704,22.32,0.6299
1752.27,0.0248,sell,77.18,78.207085,41.639044,916.545802,137081.569805,23.76,0.5617
3009.33,0.0688,buy,50.5,79.272925,60.027331,1552.054499,238618.447245,19.95,0.6655
4417.46,0.0474,buy,34.38,86.506097,50.906382,2291.176019,382188.140119,11.52,0.6163
1701.24,0.0514,sell,19.45,81.955481,33.351992,952.721515,139459.303004,19.6,0.6257
71.94,0.0149,sell,95.22,0.514718,7.29006,37.404936,44.319022,101.34,0.5372
2558.74,0.0828,sell,89.13,79.240552,55.037084,1317.888539,202811.046016,21.51,0.6959
4437.95,0.0902,sell,25.96,90.064949,46.754028,2404.26796,399750.534367,10.54,0.7114
980.56,0.0269,buy,57.77,57.172177,41.975639,507.152065,56102.728376,42.81,0.5668
2799.22,0.0104,buy,48.09,82.954487,42.731529,1431.868784,232250.591591,15.27,0.526
1901.91,0.0402,buy,102.07,66.436896,60.467622,952.426674,126417.475093,31.79,0.5992
880.11,0.0644,buy,119.71,32.57396,57.810941,439.622135,28726.502717,65.69,0.6557
3216.71,0.0932,sell,10.06,87.072156,45.380843,1950.859153,280131.294662,14.11,0.7175
2374.38,0.0732,buy,70.25,75.988514,52.643533,1198.522806,180478.279141,22.17,0.6752
1752.54,0.0895,sell,17.38,72.366055,51.040879,991.665482,126875.487064,29.12,0.7099
2811.04,0.0677,sell,53.01,86.03184,44.718473,1486.844326,241883.683868,15.91,0.6631
3409.81,0.0156,sell,68.18,83.288236,63.462578,1788.260301,284060.525122,18.61,0.5389
1246.88,0.0313,buy,33.34,66.876228,39.244017,649.935078,83425.879361,31.47,0.5776
3329.31,0.0516,sell,53.63,87.811869,43.774205,1743.310895,292396.71816,13.15,0.6262
3503.37,0.0734,buy,92.25,77.515408,71.800138,1754.047639,271636.994321,20.49,0.6757
520.78,0.0684,buy,28.93,2.906924,50.397483,277.50053,1564.288761,96.77,0.6646
4130.23,0.0714,buy,89.96,88.356723,40.118068,2070.284032,364973.72672,9.71,0.6713
4802.84,0.0953,sell,108.28,92.511858,45.089743,2492.245484,444364.783194,9.39,0.7217
3298.96,0.0195,buy,47.4,82.451563,51.458619,1685.556285,272055.869676,15.6,0.5486
2671.98,0.0919,sell,111.64,81.022066,55.544945,1384.538517,216544.930556,20.79,0.7148
781.27,0.0267,buy,60.64,51.943466,36.216969,396.658922,40618.091451,46.36,0.5664
2637.79,0.0132,buy,88.21,85.928407,32.660043,1326.003831,226693.752212,12.38,0.533
1470.78,0.0754,buy,26.32,68.217096,44.995432,781.854578,100377.361212,30.59,0.68
2362.86,0.0818,buy,112.27,78.61505,47.174382,1185.401065,185803.563047,19.96,0.6938
951.98,0.0935,sell,98.85,47.023374,52.27001,494.993028,44817.627106,54.91,0.7181
2677.88,0.0401,buy,81.27,76.110819,59.607416,1349.528598,203875.257001,22.26,0.5989
1437.27,0.0696,sell,72.69,59.243253,61.280517,752.289659,85209.860403,42.64,0.6673
3827.74,0.0223,sell,82.46,84.541816,66.289506,1996.750737,323670.383602,17.32,0.5555
521.37,0.0642,sell,83.84,1.75552,51.737881,269.545977,967.034905,99.23,0.6552
1176.85,0.0488,sell,91.2,57.053773,51.84757,608.00381,67195.593217,44.06,0.6196
2957.41,0.0702,sell,18.37,84.412094,50.890833,1666.25937,249692.087012,17.21,0.6686
2873.91,0.027,buy,35.07,83.337107,43.576789,1496.119276,239546.926166,15.16,0.5671
746.62,0.0778,sell,39.57,24.228318,58.043494,399.904248,18147.425627,77.74,0.6852
2221.3,0.0528,buy,54.31,76.163214,48.994739,1131.05279,169230.355398,22.06,0.629
1154.2,0.034,buy,29.12,50.741575,54.63801,604.894658,58620.570426,47.34,0.5842
1009.3,0.007,buy,69.06,51.719177,46.892909,509.814208,52247.058438,46.46,0.5175
3988.07,0.0832,sell,51.07,88.66076,50.565698,2099.891747,353635.916401,12.68,0.6968
242.92,0.0732,buy,55.6,0.605165,23.962884,123.362815,170.982523,98.65,0.6752
3579.01,0.0272,buy,116.33,86.686796,43.890131,1801.158165,310296.801978,12.26,0.5676
1572.22,0.0517,sell,28.25,58.982655,66.657955,853.380146,92800.384871,42.4,0.6264
4148.45,0.0345,buy,90.53,84.859182,57.459425,2092.700404,352091.540564,13.85,0.5854
3296.95,0.0365,sell,73.3,91.077248,35.05565,1722.411915,300312.194421,10.63,0.5903
3255.07,0.0474,buy,35.3,83.240504,51.819075,1705.300743,271005.496518,15.92,0.6163
1183.51,0.0901,buy,28.96,41.327558,67.297269,621.171599,48978.929501,56.86,0.7112
933.31,0.042,sell,19.81,50.358811,47.758582,521.628726,47048.149107,51.17,0.6035
3181.42,0.051,buy,26.32,81.896623,52.63143,1684.8839,260600.19962,16.54,0.6248
775.59,0.0911,buy,21.91,24.190928,57.423964,415.703372,18819.713122,74.04,0.7132
2251.51,0.0846,sell,55.58,74.131006,62.184442,1186.673982,166968.929448,27.62,0.6997
4420.64,0.0567,buy,14.37,91.425905,31.316235,2480.432332,404192.338003,7.08,0.6381
4688.62,0.0093,buy,26.0,87.505547,58.065994,2521.864433,410338.324796,12.38,0.5232
2452.68,0.0797,sell,53.05,79.85338,54.122357,1297.006773,195908.944936,22.07,0.6893
4472.14,0.0375,sell,95.87,91.169601,48.435062,2328.37232,407771.659673,10.83,0.5927
2861.37,0.0586,sell,58.85,82.246678,54.289695,1497.353949,235392.484638,18.97,0.6424
2670.82,0.0835,sell,71.94,84.438569,46.1823,1396.280527,225566.433399,17.29,0.6974
4122.36,0.0248,sell,21.7,90.117093,48.490936,2293.472136,371543.594818,11.76,0.5617
1244.62,0.0717,sell,56.86,56.552818,56.327994,655.859207,70443.125052,45.26,0.6719
597.12,0.0944,sell,26.14,26.642673,44.603268,325.709954,15953.516115,74.7,0.7199
2061.32,0.0357,buy,114.07,73.41986,51.656967,1032.789952,151393.490051,25.06,0.5883
66.35,0.0264,buy,59.39,0.01101,6.511656,33.650927,7.24261,98.14,0.5656
2659.18,0.0097,buy,10.47,81.206467,45.321822,1555.858407,215987.934749,17.04,0.5242
2600.14,0.0496,buy,72.18,77.685648,53.080174,1310.707231,202046.653133,20.41,0.6215
2154.94,0.0868,sell,93.26,76.78947,53.853092,1120.167065,165530.595166,24.99,0.7043
3395.36,0.0253,sell,62.75,90.644499,37.673219,1782.270457,307808.38303,11.1,0.5629
1367.85,0.0815,sell,17.59,63.65878,51.843184,773.570265,87127.539719,37.9,0.6932
4947.36,0.0225,sell,68.28,91.700058,50.759628,2596.041226,453723.959898,10.26,0.556
1407.63,0.069,sell,55.53,64.062997,52.978974,741.559789,90230.001297,37.64,0.666
2731.22,0.0809,buy,59.71,83.096386,41.032794,1384.81801,226995.572049,15.02,0.6919
165.82,0.0518,sell,15.66,0.625803,16.607569,94.228052,120.382625,100.15,0.6267
1353.77,0.0913,buy,75.83,52.991344,61.797781,685.289264,71799.940894,45.65,0.7136
4203.12,0.0462,sell,53.57,88.314998,54.745645,2209.232605,371253.29333,13.03,0.6135
3458.26,0.0618,sell,11.58,81.55999,68.853991,2057.57899,282124.531288,19.91,0.6498
2353.74,0.0169,sell,14.67,85.375088,39.107182,1363.928392,200989.868999,16.61,0.5421
3040.03,0.0734,buy,18.04,80.294059,55.954611,1666.580171,244152.334457,18.41,0.6757
1711.33,0.0646,buy,13.81,74.458762,40.5093,961.266391,127464.039505,23.67,0.6561
2268.0,0.0725,buy,24.86,85.219243,29.077477,1201.216367,193306.335661,12.82,0.6737
4183.82,0.0596,buy,54.32,86.720449,47.358962,2126.420661,362870.126185,11.32,0.6447
3464.28,0.046,sell,36.9,90.087545,38.150229,1846.109179,312126.637202,11.01,0.613
2763.55,0.0291,sell,44.83,84.993437,46.722131,1470.845086,234930.339988,16.91,0.5722
4878.91,0.0084,sell,87.54,91.570413,49.616498,2538.604773,446813.422048,10.17,0.521
4066.09,0.0611,buy,16.24,86.948365,51.605331,2275.199688,353591.500997,12.69,0.6482
310.07,0.0728,sell,72.12,1.58231,31.024888,161.947446,521.66833,100.06,0.6744
3143.77,0.0135,buy,74.48,81.80346,51.546951,1585.040884,257222.81119,16.4,0.5337
2071.19,0.0291,buy,77.17,70.502795,57.324751,1043.098011,146082.013105,27.68,0.5722
274.17,0.026,sell,86.26,1.252779,27.594448,142.928419,371.070814,100.65,0.5646
4391.78,0.0986,buy,104.43,87.041646,48.69761,2196.095206,382316.506653,11.09,0.7283
3549.85,0.0074,buy,76.07,83.101753,54.696964,1794.448872,295053.456464,15.41,0.5185
4221.77,0.0834,sell,85.15,90.491338,47.489265,2198.057485,382081.136797,11.25,0.6972
1434.75,0.0318,sell,34.05,73.149127,41.250316,773.942284,104991.963887,28.75,0.5788
3867.41,0.0584,sell,66.6,88.876921,50.365588,2029.617929,343773.873965,13.02,0.642
2859.26,0.0165,sell,33.99,89.50581,34.323101,1536.608258,255954.705835,12.0,0.5412
4275.05,0.0161,buy,74.36,84.977943,61.39851,2180.529151,363346.357201,14.36,0.5402
656.45,0.0241,buy,50.68,33.590421,42.419522,335.070758,22092.854086,64.62,0.56
4160.79,0.0692,buy,113.18,86.632181,47.46554,2075.661302,360505.799969,11.41,0.6664
2074.72,0.0538,sell,105.14,73.528813,58.592556,1075.803472,152610.307715,28.24,0.6313
440.97,0.0483,buy,19.47,1.375024,43.905189,238.73297,650.259631,99.57,0.6185
4291.29,0.0104,sell,80.83,86.723619,62.079438,2224.900263,372218.277309,14.47,0.526
1229.89,0.0935,sell,107.79,49.042094,64.960215,638.005261,60381.397605,52.82,0.7181
954.57,0.0745,buy,47.8,44.7538,50.941774,487.906688,42771.604448,53.37,0.6781
1136.98,0.0885,sell,47.67,66.901959,38.325369,595.95434,76104.544286,33.71,0.7079
3272.19,0.0604,buy,65.15,83.904441,47.203171,1658.158928,274598.492391,14.43,0.6466
3764.37,0.0685,buy,40.04,79.250842,70.91756,1938.45481,298400.443737,18.84,0.6649
3031.52,0.0377,buy,70.52,81.476217,52.335503,1539.107863,247049.125041,17.26,0.5931
1274.32,0.0119,buy,49.57,51.548284,59.665849,652.062744,65748.675994,46.82,0.5297
4772.11,0.0215,sell,48.91,91.233002,49.520175,2523.610559,435423.444864,10.38,0.5535
3859.45,0.082,sell,15.58,85.056496,60.761266,2194.862774,328332.096621,15.74,0.6942
3081.19,0.067,sell,30.93,81.183968,60.625593,1654.319003,250203.883208,19.68,0.6615
122.28,0.0307,sell,52.61,0.057187,12.426438,64.530473,19.420409,101.62,0.5762
1497.85,0.0846,sell,23.17,66.827503,52.623211,829.517088,100150.236174,35.13,0.6997
222.4,0.0184,sell,74.43,0.705674,22.376626,115.695325,179.319384,100.61,0.5459
3869.62,0.0328,buy,71.47,81.084501,66.307871,1953.549909,313832.520904,17.14,0.5813
1139.71,0.0597,buy,93.67,65.610835,37.073815,571.196675,74814.411329,32.53,0.645
4883.99,0.0715,buy,88.83,86.421109,57.479144,2451.781041,422137.342229,11.77,0.6715
2804.09,0.0572,buy,42.05,80.641133,49.292725,1442.586273,226174.304052,17.58,0.6392
2480.65,0.0795,buy,23.27,76.369412,56.039341,1332.919872,189501.857659,22.59,0.6889
4822.67,0.0135,sell,12.17,91.783507,49.270773,2863.762472,442690.839071,10.22,0.5337
46.77,0.0679,sell,50.61,0.0,4.765395,24.768568,4.767592,101.89,0.6635
1929.94,0.0386,sell,117.78,77.890553,45.564816,996.076313,150369.665405,23.61,0.5953
4650.64,0.0083,sell,33.63,92.36898,40.186273,2488.490878,429615.05975,8.64,0.5207
613.98,0.0803,buy,116.72,22.017077,46.879168,307.160601,13564.954096,76.35,0.6906
696.02,0.043,buy,67.7,24.885709,51.160457,352.522461,17372.121216,73.5,0.6059
1032.06,0.0588,sell,91.56,46.062078,57.710651,537.742531,47596.558504,55.92,0.6429
3210.65,0.0781,buy,105.0,83.340264,47.099388,1603.348157,267623.546717,14.67,0.6859
4040.58,0.0235,buy,52.94,87.089774,48.285843,2076.486271,351941.489109,11.95,0.5585
830.43,0.0219,buy,27.04,42.416311,46.166667,437.052238,35269.945782,55.59,0.5545
904.99,0.0392,sell,53.59,35.232302,60.2974,478.112803,31945.187866,66.63,0.5968
2977.43,0.0919,buy,100.11,85.363414,37.743646,1488.694835,254201.366523,12.68,0.7148
2406.47,0.0667,sell,36.06,84.39862,38.699358,1276.06602,203141.464275,16.08,0.6608
3408.32,0.0971,buy,28.86,79.758293,63.502819,1792.920046,271905.348592,18.63,0.7253
980.8,0.0654,buy,112.31,44.670585,52.423186,489.749271,43865.355408,53.45,0.6579
4355.4,0.0543,sell,50.09,87.50913,61.371374,2300.885911,381198.655269,14.09,0.6325
704.37,0.0615,buy,85.13,29.701211,48.375279,354.619615,20969.035675,68.68,0.6491
2283.22,0.0876,buy,112.66,78.75662,44.096695,1139.45225,179862.821134,19.31,0.706
4939.38,0.0511,buy,19.93,86.994415,56.336518,2674.046005,429754.824829,11.41,0.625
345.6,0.0365,buy,52.48,0.860696,34.169713,175.815597,331.630765,98.87,0.5903
4245.72,0.0072,sell,95.06,89.138126,54.438085,2210.007043,378509.964667,12.82,0.518
661.69,0.07,sell,77.75,16.15736,56.629177,345.260268,10747.820725,85.58,0.6682
2729.42,0.057,buy,14.19,79.793954,50.074065,1528.096851,217841.304134,18.35,0.6388
3630.0,0.0454,buy,37.99,84.300974,49.836366,1872.913597,306062.380938,13.73,0.6116
3007.05,0.0575,buy,78.01,79.2424,56.495252,1511.693163,238342.373431,18.79,0.6399
4555.59,0.0593,sell,24.74,92.922648,35.703763,2480.644338,423353.201818,7.84,0.6441
2654.38,0.0502,buy,34.56,84.668476,36.607947,1382.373454,224778.925172,13.79,0.6229
2471.64,0.085,buy,113.72,75.845759,56.784052,1242.715293,187520.237779,22.97,0.7006
257.26,0.0773,buy,109.67,0.948058,25.491394,128.539615,269.403926,99.09,0.6842
2142.07,0.0785,sell,77.82,83.954144,38.398438,1119.213903,179874.0761,17.93,0.6868
1545.52,0.0234,sell,15.66,77.252153,38.232838,888.794108,119432.982031,24.74,0.5582
1705.53,0.0394,buy,45.65,63.081479,60.40735,876.774118,107647.771428,35.42,0.5972
331.51,0.0842,sell,101.23,1.147378,33.337515,171.92023,413.72845,100.56,0.6989
1955.8,0.092,sell,62.45,79.63986,42.969201,1025.466262,155802.64287,21.97,0.715
3256.58,0.0848,buy,31.19,84.082653,45.941706,1701.339141,273867.859342,14.11,0.7001
4204.13,0.0925,buy,16.11,85.169034,53.943051,2315.768418,358115.678506,12.83,0.7161
673.3,0.0623,buy,82.0,26.222113,48.684901,339.791519,17704.052197,72.31,0.6509
4200.31,0.0177,buy,52.32,89.019593,38.812573,2142.496565,373948.701689,9.24,0.5441
1243.56,0.008,buy,88.77,55.684591,52.708799,623.518063,69299.839536,42.39,0.52
1172.56,0.0131,buy,28.72,55.033425,50.603674,615.756656,64580.596942,43.16,0.5327
2193.13,0.0423,sell,107.34,78.610894,49.409258,1129.730381,172453.328798,22.53,0.6042
4637.01,0.0969,buy,114.29,87.205783,51.026666,2316.849832,404425.160378,11.0,0.7249
3408.34,0.0819,sell,13.4,84.40737,58.01891,1986.530621,287747.074227,17.02,0.694
2586.31,0.0452,sell,34.5,82.03485,50.886036,1391.515368,212218.450332,19.68,0.6111
4387.86,0.0281,buy,22.09,87.61356,46.232425,2348.303118,384482.270275,10.54,0.5698
3603.36,0.0116,sell,29.13,85.559503,57.367282,1953.874892,308359.058854,15.92,0.529
392.53,0.0436,buy,56.93,2.54847,39.468291,199.09676,1039.826694,100.55,0.6073
4734.93,0.0824,buy,15.11,88.343656,49.320662,2647.586718,418350.37895,10.42,0.6951
